{
    "Ant-v2": 425.66459580947367,
    "HalfCheetah-v2": 1008.8668201625887,
    "Hopper-v2": 1161.6281134465526,
    "Humanoid-v2": 709.2986743758488,
    "Reacher-v2": -13.518406441101614,
    "Swimmer-v2": 34.17501970226118,
    "Walker2d-v2": 441.28657764475133
}